File Name,Predicted Class
test-1.wav,sad
test-2.wav,fearful
test-3.wav,sad
test-4.wav,sad
test-5.wav,angry
test-6.wav,fearful
test-7.wav,fearful
test-8.wav,fearful
test-9.wav,fearful
test-10.wav,fearful
test-11.wav,fearful
test-12.wav,fearful
test-13.wav,angry
test-14.wav,angry
test-15.wav,angry
test-16.wav,angry
test-17.wav,angry
test-18.wav,sad
test-19.wav,sad
test-20.wav,angry
test-21.wav,fearful
test-22.wav,sad
test-23.wav,sad
test-24.wav,fearful
test-25.wav,sad
test-26.wav,sad
test-27.wav,angry
test-28.wav,sad
test-29.wav,fearful
test-30.wav,sad
test-31.wav,sad
test-32.wav,sad
test-33.wav,sad
test-34.wav,calm
test-35.wav,sad
test-36.wav,calm
test-37.wav,calm
test-38.wav,angry
test-39.wav,calm
test-40.wav,calm
test-41.wav,calm
test-42.wav,sad
test-43.wav,sad
test-44.wav,angry
test-45.wav,angry
test-46.wav,angry
test-47.wav,fearful
test-48.wav,fearful
test-49.wav,angry
test-50.wav,sad
test-51.wav,sad
test-52.wav,sad
test-53.wav,sad
test-54.wav,sad
test-55.wav,sad
test-56.wav,sad
test-57.wav,angry
test-58.wav,angry
test-59.wav,angry
test-60.wav,fearful
